Last Name,First Name,Full Name,Team,Pos,Hockey News,Poolers,Forecaster,PlayerIDEkblad,Aaron,Aaron Ekblad,FLA,D,25,25,15,8477932Timonen,Kimmo,Kimmo Timonen,PHI,D,29,30,20,8459670Holden,Nick,Nick Holden,COL,D,30,36,20,8474207MacDonald,Andrew,Andrew MacDonald,PHI,D,28,34,23,8473584Hamhuis,Dan,Dan Hamhuis,VAN,D,24,32,24,8469465Carle,Matt,Matt Carle,TB,D,32,32,24,8470640Dupuis,Pascal,Pascal Dupuis,PIT,F,42,45,24,8466393De Haan,Calvin,Calvin De Haan,NYI,D,23,24,25,8475177Lindholm,Hampus,Hampus Lindholm,ANA,D,30,36,25,8476854Wiercioch,Patrick,Patrick Wiercioch,OTT,D,24,28,26,8474605Boyle,Dan,Dan Boyle,NYR,D,46,30,26,8467096Russel,Kris,Kris Russel,CGY,D,25,31,26,8471729Gilbert,Tom,Tom Gilbert,MON,D,26,31,26,8470104Phaneuf,Dion,Dion Phaneuf,TOR,D,34,36,26,8470602Niskanen,Matt,Matt Niskanen,WAS,D,31,39,26,8471702Bolland,David,David Bolland,FLA,F,36,45,28,8471245Vatanen,Sami,Sami Vatanen,ANA,D,41,27,29,8475222Spurgeon,Jared,Jared Spurgeon,MIN,D,28,29,29,8474716Muzzin,Jake,Jake Muzzin,LA,D,33,29,29,8474162Maata,Olli,Olli Maata,PIT,D,25,36,29,8476874Zidlicky,Marek,Marek Zidlicky,NJ,D,37,40,29,8469623Franson,Cody,Cody Franson,TOR,D,31,29,30,8471742DeKeyser,Danny,Danny DeKeyser,DET,D,27,31,30,8477215Jokinen,Olli,Olli Jokinen,NSH,F,49,46,30,8466140Hamonic,Travis,Travis Hamonic,NYI,D,22,26,31,8474612Kulikov,Dmitry,Dmitry Kulikov,FLA,D,32,20,32,8475179Jones,Seth,Seth Jones,NSH,D,35,34,32,8477495Bouwmeester,Jay,Jay Bouwmeester,STL,D,35,35,32,8470151Bailey,Josh,Josh Bailey,NYI,F,43,45,32,8474573Enstrom,Tobias,Tobias Enstrom,WIN,D,45,37,33,8470828Weiss,Stephen,Stephen Weiss,DET,F,31,45,33,8469457Gelinas,Eric,Eric Gelinas,NJ,D,38,33,34,8475199Johnson,Erik,Erik Johnson,COL,D,36,34,34,8473446Hamilton,Dougie,Dougie Hamilton,BOS,D,36,34,34,8476462Demers,Jason,Jason Demers,SJ,D,32,37,34,8474218Streit,Mark,Mark Streit,PHI,D,48,40,34,8468309Forsberg,Filip,Filip Forsberg,NSH,F,33,47,34,8476887Gardiner,Jake,Jake Gardiner,TOR,D,39,34,35,8474581Leddy,Nick,Nick Leddy,CHI,D,29,35,35,8475181Perreault,Matthieu,Matthieu Perreault,WIN,F,47,46,35,8473618Smith,Reilly,Reilly Smith,BOS,F,45,56,35,8475191Brodie,TJ,TJ Brodie,CGY,D,24,28,36,8474673Johnson,Jack,Jack Johnson,CBJ,D,35,34,36,8471677Gallagher,Brendan,Brendan Gallagher,MON,F,50,52,36,8475848Faulk,Justin,Justin Faulk,CAR,D,31,38,37,8475753Trouba,Jacob,Jacob Trouba,WIN,D,45,40,37,8476885Josi,Roman,Roman Josi,NSH,D,31,45,37,8474600Sekera,Andrej,Andrej Sekera,CAR,D,34,36,38,8471284Rielly,Morgan,Morgan Rielly,TOR,D,43,35,39,8476853Edler,Alexander,Alexander Edler,VAN,D,38,36,39,8471303Voynov,Slava,Slava Voynov,LA,D,35,37,39,8474594Burns,Brent,Brent Burns,SJ,D,41,41,39,8470613Green,Mike,Mike Green,WAS,D,53,43,39,8471242Horton,Nathan,Nathan Horton,CBJ,F,44,45,39,8470596Parenteau,PA,PA Parenteau,MON,F,53,48,39,8469707Ellis,Ryan,Ryan Ellis,NSH,D,35,28,40,8475176Chara,Zdeno,Zdeno Chara,BOS,D,36,37,40,8465009Campbell,Brian,Brian Campbell,FLA,D,47,38,40,8466285Hagelin,Carl,Carl Hagelin,NYR,F,34,45,40,8474176Jokinen,Jussi,Jussi Jokinen,FLA,F,41,45,40,8469638Doan,Shane,Shane Doan,ARI,F,42,46,40,8462038Grabovski,Mikhail,Mikhail Grabovski,NYI,F,45,49,40,8471362Wideman,Dennis,Dennis Wideman,CGY,D,38,36,41,8469770Markov,Andrei,Andrei Markov,MON,D,44,38,41,8467496Barrie,Tyson,Tyson Barrie,COL,D,49,41,41,8475197Suter,Ryan,Ryan Suter,MIN,D,40,45,41,8470600Yakupov,Nail,Nail Yakupov,EDM,F,51,42,42,8476855Kuznetsov,Evgeny,Evgeny Kuznetsov,WAS,F,50,43,42,8475744Vermette,Antoine,Antoine Vermette,ARI,F,49,45,42,8468535Seabrook,Brent,Brent Seabrook,CHI,D,40,38,43,8470607Goligoski,Alex,Alex Goligoski,DAL,D,44,45,43,8471274Richards,Brad,Brad Richards,CHI,F,42,53,43,8467389Myers,Tyler,Tyler Myers,BUF,D,40,32,44,8474574Scheifele,Mark,Mark Scheifele,WIN,F,50,41,44,8476460Glencross,Curtis,Curtis Glencross,CGY,F,49,42,44,8471185Callahan,Ryan,Ryan Callahan,TB,F,48,43,44,8471339Legwand,David,David Legwand,OTT,F,53,46,44,8467330Hartnell,Scott,Scott Hartnell,CBJ,F,42,48,44,8468486Bjugstad,Nick,Nick Bjugstad,FLA,F,54,48,44,8475760Barkov,Aleksander,Aleksander Barkov,FLA,F,53,51,44,8477493Brouwer,Troy,Troy Brouwer,WAS,F,42,37,45,8471426Read,Matt,Matt Read,PHI,F,41,43,45,8476177Zuccarello,Mats,Mats Zuccarello,NYR,F,50,60,45,8475692Garrison,Jason,Jason Garrison,TB,D,47,35,46,8474520Ward,Joel,Joel Ward,WAS,F,35,40,46,8468208Hanzal,Martin,Martin Hanzal,ARI,F,36,44,46,8471691Carlson,John,John Carlson,WAS,D,40,44,46,8474590Backlund,Mikael,Mikael Backlund,CGY,F,43,44,46,8474150Couturier,Sean,Sean Couturier,PHI,F,40,45,46,8476461Plekanec,Tomas,Tomas Plekanec,MON,F,48,45,46,8469521Toffoli,Tyler,Tyler Toffoli,LA,F,49,45,46,8475726Hemsky,Ales,Ales Hemsky,DAL,F,51,48,46,8469466Kronwall,Niklas,Niklas Kronwall,DET,D,54,50,46,8468509Fleischmann,Tomas,Tomas Fleischmann,FLA,F,47,41,47,8470039Wisniewski,James,James Wisniewski,CBJ,D,44,44,47,8470222Tanguay,Alex,Alex Tanguay,COL,F,38,48,47,8467338Dubinsky,Brandon,Brandon Dubinsky,CBJ,F,46,49,47,8471273Marchand,Brad,Brad Marchand,BOS,F,53,49,47,8473419Brassard,Derick,Derick Brassard,NYR,F,43,50,47,8473544Galchenyuk,Alex,Alex Galchenyuk,MON,F,50,51,47,8476851Desharnais,David,David Desharnais,MON,F,50,62,47,8471976Elias,Patrik,Patrik Elias,NJ,F,53,64,47,8460542Wingels,Tommy,Tommy Wingels,SJ,F,36,40,48,8474739Williams,Justin,Justin Williams,LA,F,49,44,48,8468508Staal,Jordan,Jordan Staal,CAR,F,44,45,48,8473533Semin,Alexander,Alexander Semin,CAR,F,50,49,48,8470120Yandle,Keith,Keith Yandle,ARI,D,51,51,48,8471735Iginla,Jarome,Jarome Iginla,COL,F,61,59,48,8462042Cogliano,Andrew,Andrew Cogliano,ANA,F,40,36,49,8471699Jenner,Boone,Boone Jenner,CBJ,F,52,40,49,8476432Killorn,Alex,Alex Killorn,TB,F,40,44,49,8473986Ehrhoff,Christian,Christian Ehrhoff,PIT,D,47,44,49,8469555Franzen,Johan,Johan Franzen,DET,F,45,47,49,8471309Hertl,Tomas,Tomas Hertl,SJ,F,48,48,49,8476881Nichushkin,Valeri,Valeri Nichushkin,DAL,F,51,51,49,8477501Kreider,Chris,Chris Kreider,NYR,F,52,42,50,8475184Letang,Kris,Kris Letang,PIT,D,47,52,50,8471724Vrbata,Radim,Radim Vrbata,VAN,F,56,54,50,8468085Zibanejad,Mika,Mika Zibanejad,OTT,F,39,40,51,8476459Fowler,Cam,Cam Fowler,ANA,D,37,41,51,8475764Tatar,Tomas,Tomas Tatar,DET,F,50,47,51,8475193Gagner,Sam,Sam Gagner,ARI,F,41,48,51,8474040Huberdeau,Jonathan,Jonathan Huberdeau,FLA,F,48,49,51,8476456McDonagh,Ryan,Ryan McDonagh,NYR,D,40,51,51,8474151Cammalleri,Mike,Mike Cammalleri,NJ,F,48,54,51,8469500Vanek,Thomas,Thomas Vanek,MIN,F,66,60,51,8470598Schultz,Justin,Justin Schultz,EDM,D,40,40,52,8474602Michalek,Milan,Milan Michalek,OTT,F,43,40,52,8470599Brown,Dustin,Dustin Brown,LA,F,44,40,52,8470606Frolik,Michael,Michael Frolik,WIN,F,36,41,52,8473564Monahan,Sean,Sean Monahan,CGY,F,46,41,52,8477497Krug,Torey,Torey Krug,BOS,D,41,44,52,8476792Giordano,Mark,Mark Giordano,CGY,D,48,44,52,8470966Shattenkirk,Kevin,Kevin Shattenkirk,STL,D,47,46,52,8474031Tarasenko,Vladimir,Vladimir Tarasenko,STL,F,54,56,52,8475765Kunitz,Chris,Chris Kunitz,PIT,F,71,63,52,8470543Gaudreau,Johnny,Johnny Gaudreau,CGY,F,40,32,53,8476346Atkinson,Cam,Cam Atkinson,CBJ,F,43,40,53,8474715Keith,Duncan,Duncan Keith,CHI,D,50,55,53,8470281Filppula,Valtteri,Valtteri Filppula,TB,F,59,56,53,8470047Kesler,Ryan,Ryan Kesler,ANA,F,57,49,54,8470616Soderberg,Carl,Carl Soderberg,BOS,F,50,51,54,8471262Moulson,Matt,Matt Moulson,BUF,F,51,51,54,8470852Purcell,Teddy,Teddy Purcell,EDM,F,33,53,54,8473962Boedker,Mikkel,Mikkel Boedker,ARI,F,50,53,54,8474571Backes,David,David Backes,STL,F,57,53,54,8470655Neal,James,James Neal,NSH,F,58,59,54,8471707Richards,Mike,Mike Richards,LA,F,50,40,55,8470617Doughty,Drew,Drew Doughty,LA,D,38,46,55,8474563Ennis,Tyler,Tyler Ennis,BUF,F,45,48,55,8474589Johansson,Marcus,Marcus Johansson,WAS,F,36,49,55,8475149MacArthur,Clarke,Clarke MacArthur,OTT,F,53,50,55,8470667Zajac,Travis,Travis Zajac,NJ,F,55,50,55,8471233Ladd,Andrew,Andrew Ladd,WIN,F,55,55,55,8471217Pietrangelo,Alex,Alex Pietrangelo,STL,D,51,56,55,8474565Nielsen,Frans,Frans Nielsen,NYI,F,46,58,55,8470144Johnson,Tyler,Tyler Johnson,TB,F,57,46,56,8474870Bergeron,Patrice,Patrice Bergeron,BOS,F,61,59,56,8470638Schenn,Brayden,Brayden Schenn,PHI,F,51,46,58,8475170Nash,Rick,Rick Nash,NYR,F,53,52,58,8470041Smith,Craig,Craig Smith,NSH,F,46,55,59,8475225Perron,David,David Perron,EDM,F,48,58,59,8474102Gaborik,Marian,Marian Gaborik,LA,F,56,61,59,8468483Pacioretty,Max,Max Pacioretty,MON,F,66,64,59,8474157Silfverberg,Jakob,Jakob Silfverberg,ANA,F,42,41,60,8475164Eriksson,Loui,Loui Eriksson,BOS,F,50,47,60,8470626Hodgson,Cody,Cody Hodgson,BUF,F,52,49,60,8474570Hudler,Jiri,Jiri Hudler,CGY,F,55,49,60,8470201Lupul,Joffrey,Joffrey Lupul,TOR,F,47,52,60,8470207Steen,Alexander,Alexander Steen,STL,F,51,56,60,8470257Weber,Shea,Shea Weber,NSH,D,50,57,60,8470642Granlund,Mikael,Mikael Granlund,MIN,F,59,60,60,8475798Ekman-Larsson,Oliver,Oliver Ekman-Larsson,ARI,D,49,44,61,8475171Kane,Evander,Evander Kane,WIN,F,55,55,61,8475169Skinner,Jeff,Jeff Skinner,CAR,F,61,55,61,8475784Kadri,Nazem,Nazem Kadri,TOR,F,59,56,61,8475172Subban,PK,PK Subban,MON,D,57,57,61,8474056Hossa,Marian,Marian Hossa,CHI,F,48,60,61,8466148Stepan,Derek,Derek Stepan,NYR,F,59,65,61,8474613St-Louis,Martin,Martin St-Louis,NYR,F,70,65,61,8466378Bonino,Nick,Nick Bonino,VAN,F,41,47,62,8474009Saad,Brandon,Brandon Saad,CHI,F,58,49,62,8476438Hedman,Victor,Victor Hedman,TB,D,52,59,62,8475167Schwartz,Jaden,Jaden Schwartz,STL,F,58,59,62,8475768Marleau,Patrick,Patrick Marleau,SJ,F,67,61,62,8466139Oshie,TJ,TJ Oshie,STL,F,57,62,62,8471698Bozak,Tyler,Tyler Bozak,TOR,F,58,60,63,8475098Carter,Jeff,Jeff Carter,LA,F,59,62,63,8470604Zetterberg,Henrik,Henrik Zetterberg,DET,F,68,70,63,8468083Staal,Eric,Eric Staal,CAR,F,74,71,63,8470595Hornqvist,Patric,Patric Hornqvist,PIT,F,60,56,64,8471887Little,Bryan,Bryan Little,WIN,F,61,57,65,8473412Lucic,Milan,Milan Lucic,BOS,F,61,58,65,8473473Nugent-Hopkins,Ryan,Ryan Nugent-Hopkins,EDM,F,73,66,65,8476454Voracek,Jakub,Jakub Voracek,PHI,F,65,67,65,8474161Sharp,Patrick,Patrick Sharp,CHI,F,70,71,65,8469544Drouin,Jonathan,Jonathan Drouin,TB,F,56,41,66,8477494Koivu,Mikko,Mikko Koivu,MIN,F,43,56,66,8469459Pominville,Jason,Jason Pominville,MIN,F,66,57,66,8469506Simmonds,Wayne,Wayne Simmonds,PHI,F,53,62,66,8474190O'Reilly,Ryan,Ryan O'Reilly,COL,F,68,64,66,8475158Krejci,David,David Krejci,BOS,F,65,65,66,8471276Datsyuk,Pavel,Pavel Datsyuk,DET,F,63,70,66,8467514Henrique,Adam,Adam Henrique,NJ,F,48,52,67,8474641Turris,Kyle,Kyle Turris,OTT,F,60,63,67,8474068Ryan,Bobby,Bobby Ryan,OTT,F,59,54,68,8471676Jagr,Jaromir,Jaromir Jagr,NJ,F,60,60,68,8448208Palat,Ondrej,Ondrej Palat,TB,F,51,63,68,8476292Van Riemsdyk,James,James Van Riemsdyk,TOR,F,64,64,68,8474037Parise,Zach,Zach Parise,MIN,F,76,67,68,8470610Sedin,Daniel,Daniel Sedin,VAN,F,63,70,68,8467875Stewart,Chris,Chris Stewart,BUF,F,50,37,69,8473485Couture,Logan,Logan Couture,SJ,F,63,68,70,8474053Toews,Jonathan,Jonathan Toews,CHI,F,68,75,70,8473604Byfuglien,Dustin,Dustin Byfuglien,WIN,F,49,54,71,8470834Stastny,Paul,Paul Stastny,STL,F,54,61,71,8471669Thornton,Joe,Joe Thornton,SJ,F,75,66,71,8466138Karlsson,Erik,Erik Karlsson,OTT,D,77,75,72,8474578Landeskog,Gabriel,Gabriel Landeskog,COL,F,66,65,73,8476455Wheeler,Blake,Blake Wheeler,WIN,F,70,65,73,8471218MacKinnon,Nathan,Nathan MacKinnon,COL,F,80,72,73,8477492Nyquist,Gustav,Gustav Nyquist,DET,F,58,60,74,8474679Johansen,Ryan,Ryan Johansen,CBJ,F,70,60,74,8475793Pavelski,Joe,Joe Pavelski,SJ,F,66,73,74,8470794Okposo,Kyle,Kyle Okposo,NYI,F,71,72,76,8473449Kopitar,Anze,Anze Kopitar,LA,F,70,75,78,8471685Eberle,Jordan,Jordan Eberle,EDM,F,75,72,79,8474586Sedin,Henrik,Henrik Sedin,VAN,F,64,72,81,8467876Duchene,Matt,Matt Duchene,COL,F,78,84,81,8475168Getzlaf,Ryan,Ryan Getzlaf,ANA,F,83,88,81,8470612Spezza,Jason,Jason Spezza,DAL,F,60,68,82,8469455Tavares,John,John Tavares,NYI,F,88,90,82,8475166Backstrom,Niklas,Niklas Backstrom,WAS,F,81,84,85,8473563Perry,Corey,Corey Perry,ANA,F,80,84,89,8470621Benn,Jamie,Jamie Benn,DAL,F,81,83,91,8473994Ovechkin,Alex,Alex Ovechkin,WAS,F,81,83,93,8471214Kessel,Phil,Phil Kessel,TOR,F,83,83,93,8473548Hall,Taylor,Taylor Hall,EDM,F,85,84,93,8475791Kane,Patrick,Patrick Kane,CHI,F,74,77,94,8474141Giroux,Claude,Claude Giroux,PHI,F,85,88,97,8473512Stamkos,Steven,Steven Stamkos,TB,F,97,99,99,8474564Crosby,Sidney,Sidney Crosby,PIT,F,106,109,106,8471675Malkin,Evgeni,Evgeni Malkin,PIT,F,93,93,109,8471215Seguin,Tyler,Tyler Seguin,DAL,F,80,83,110,8475794